{"cameraMode":{"drawMode":0,"name":"Shaded","section":"Shading Mode"},"sceneLighting":false,"audioPlay":false,"sceneViewState":{"showFog":true,"showMaterialUpdate":false,"showSkybox":false,"showFlares":true,"showImageEffects":true,"showParticleSystems":true},"in2DMode":false,"pivot":{"x":0.0,"y":2.1500000953674318,"z":2.1500000953674318},"rotation":{"x":0.19484871625900269,"y":-0.242832750082016,"z":0.04984336346387863,"w":0.949006974697113},"size":1.1180341243743897,"orthographic":false}